iter	RMSE
0	1.067808737
1	1.064021369
2	1.059691797
3	1.056366128
4	1.05309981
5	1.048442528
6	1.044701343
7	1.040622455
8	1.037117796
9	1.034001657
10	1.030894116
11	1.026783814
12	1.023751298
13	1.020479914
14	1.017336111
15	1.013806876
16	1.009954188
17	1.006595601
18	1.003649714
119	1.000142272020	0.9968751312121	0.9936050102222	0.9902141402323	0.9866830492424	0.9835906102525	0.9801374226	26	0.9773670227	27	0.9740309228	0.9728813232
29	0.9697393382
30	30	0.9636453931	0.9641256733
32	0.9608555212
33	0.9578533195
34	34	0.9495495435	0.9510713519
36	0.9475988469
37	0.9450726014
3838	0.93821863339	0.9397124847
4040	0.9328917844141	0.9299700354242	0.9268889763
43	0.9243644664444	0.9217582654545	0.9186073884646	0.9161809854747	0.9134725814848	0.9100587391
49	0.9073715725050	0.9045500615151	0.90208960952	0.9042348023
53	0.9018691764
54	0.8998219139
55	0.8971335511
56	0.8948662066
57	0.8917905582
58	0.889130693
59	0.8862880135
60	0.8838077776
61	0.8815141736
62	0.879046067
63	0.8764928193
64	0.8741664646
65	0.8714028365
66	0.8688844074
67	0.866922073
68	0.8643859764
69	0.8622081263
70	0.8597862705
71	0.857691966
72	0.8550226187
73	0.8523896203
74	0.8501017361
75	0.8480306029
76	0.8452716728
77	0.8433286769
78	0.8411212129
79	0.83898713
80	0.8370125031
81	0.8348758958
82	0.8326855161
83	0.830792192
84	0.8292041535
85	0.827075334
86	0.8254000936
87	0.8238156711
88	0.8217512818
89	0.8197717209
90	0.8177914688
91	0.8158267018
92	0.8142228484
93	0.8122574397
94	0.8100015197
95	0.8075956158
96	0.8054533568
97	0.8037366187
98	0.8019606625
99	0.7996997912
100	0.7979709638
101	0.7960327677
102	0.7943777426
103	0.792598631
104	0.7905336686
105	0.7891761716
106	0.7875031405
107	0.7853862457
108	0.7834860932
109	0.7817537946
110	0.7796148444
111	0.7776133768
112	0.7760082944
113	0.7739510425
114	0.7716657125
115	0.7699545361
116	0.7686531254
117	0.7671266803
118	0.7656595094
119	0.7635258164
120	0.7612658927
121	0.7591233711
122	0.7573909858
123	0.7551546694
124	0.7533494849
125	0.7515688287
126	0.7498114518
127	0.7473653021
128	0.7456785767
129	0.7445065852
130	0.742784672
131	0.7412050484
132	0.7393640678
133	0.7372099757
134	0.7354784743
135	0.7340470832
136	0.7326689069
137	0.7311597221
138	0.729042422
139	0.7269177369
140	0.7253830435
141	0.723710909
142	0.7219304474
143	0.72047519314144	0.71890581114145	0.71719828414146	0.71581673514147	0.71394637147148	0.71300105148149	0.71168989149150	0.71016751150151	0.70879212151	0.6887968312
152	0.6872994251
153	0.6862153655
154	0.684155	0.69155	0.68156	0.693156	0.68157	0.692157	0.68158	0.691158	0.67159	0.689159	0.67160	0.688160	0.67161	0.686161	0.67162	0.6845272012
163	0.6829491069
164	0.6811636303
165	0.6799406233
166	0.6781596291
167	0.676167	0.66168	0.675168	0.66169	0.674169	0.66170	0.673170	0.66171	0.67171	0.659172	0.67172	0.658173	0.6694495838
174	0.6683026925
175	0.6668675882
176	0.6655157876
177	0.6641958594
178	0.6630667679
179	0.6611138152
180	0.6595199583
181	0.6579507229
182	0.6564002987
183	0.6554034033
184	0.6544990571
185	0.6534609122
186	0.6519657529
187	0.650913771
188	0.6495817106
189	0.6483932281
190	0.6470728892
191	0.6461214828
192	0.6450226282
193	0.6441068749
194	0.6426014198
195	0.6415951456
196	0.6405403238
197	0.6390101591
198	0.6378589611
199	0.6368040726
200	0.6360657663
201	0.6347037053
202	0.6334499259
203	0.6322094482
204	0.630836272
205	0.629712208
206	0.6287067299
207	0.6273240803
208	0.6261325364
209	0.625052596
210	0.6233820804
211	0.6226140581
212	0.6211770866
213	0.6203001249
214	0.6193114136
215	0.6180279023
216	0.6170992038
217	0.6159139375
218	0.615034742
219	0.6137926569
220	0.6126433546
221	0.6112662625
222	0.6104970259
223	0.609525776
224	0.6081255267
225	0.6071451196
226	0.6062713589
227	0.6051716125
228	0.6038776949
229	0.6028952906
230	0.6020291305
231	0.6009451604
232	0.5996346689
233	0.5986605954
234	0.5976200822
235	0.5967278693
236	0.595964345
237	0.5947680908
238	0.5940219007
239	0.5931290449
240	0.5916436173
241	0.590670371
242	0.5899444336
243	0.5888936798
244	0.5881231524
245	0.5872488437
246	0.5859545992
247	0.584831532
248	0.5838611513
249	0.5826836242
250	0.5816776802
251	0.5806941272
252	0.5798082661
253	0.5789281799
254	0.5781400076
255	0.5773730319
256	0.5763690951
257	0.5753278932
258	0.5747393162
259	0.5739282226
260	0.5731182585
261	0.5721190757
262	0.5710713683
263	0.5701332801
264	0.5690730876
265	0.5682082043
266	0.5672940435
267	0.566391179
268	0.5652961587
269	0.5645045045
270	0.5637401458
271	0.5628920858
272	0.562225716
273	0.5611340738
274	0.5603788262
275	0.5592886861
276	0.558670448
277	0.5578349248
278	0.5570713465
279	0.5561702905
280	0.555467626
281	0.5545900155
282	0.5534712312
283	0.5524088557
284	0.5515742807
285	0.550513198
286	0.5496669439
287	0.5489363031
288	0.5480101974
289	0.5472678238
290	0.5468133112
291	0.5458001286
292	0.5449567
293	0.5440657993
294	0.5433242895
295	0.5423264693
296	0.5413384469
297	0.5406800693
298	0.539704074
299	0.539084394
300	0.5382251738
301	0.5374380747
302	0.5369253327
303	0.5356924523
304	0.5350897284
305	0.5344345566
306	0.5336613586
307	0.5330434366
308	0.5320244027
309	0.5310638036
310	0.530044367
311	0.5293365166
312	0.5282688867
313	0.5274779786
314	0.5268743684
315	0.5261340641
316	0.5253351043
317	0.5242877083
318	0.5236556455
319	0.5229787896
320	0.5221838623
321	0.5214791843
322	0.5204134272
323	0.5196716496
324	0.5189436699
325	0.5180579949
326	0.5172457259
327	0.5166161676
328	0.516128132
329	0.5153888828
330	0.5146679599
331	0.5141266415
332	0.5136242991
333	0.5129548231
334	0.5123956402
335	0.5115506352
336	0.5107977533
337	0.510088089
338	0.509588372
339	0.5091324478
340	0.5087723522
341	0.5080823873
342	0.5076096282
343	0.5065102052
344	0.5058995058
345	0.5051341529
346	0.5047604651
347	0.5039285878
348	0.5030631279
349	0.5022522039
350	0.501883906
351	0.5013474624
352	0.5008302095
353	0.5002751131
354	0.4996364945
355	0.498824715
356	0.4978912502
357	0.4972203089
358	0.4964633946
359	0.4959662297
360	0.4954256957
361	0.4948816035
362	0.4941544007
363	0.4935480623
364	0.4930357477
365	0.4922896053
366	0.4917947461
367	0.4913292311
368	0.490878045
369	0.4902307162
370	0.4897257618
371	0.4889737397
372	0.4882542431
373	0.4877524819
374	0.4869073502
375	0.4863057021
376	0.4855166393
377	0.4847164828
378	0.4840309913
379	0.4834970828
380	0.4828339536
381	0.4824576089
382	0.4819246138
383	0.4814478317
384	0.4805917357
385	0.4796902941
386	0.4789241766
387	0.4783571966
388	0.4777022997
389	0.4772056544
390	0.4767174615
391	0.4763041831
392	0.4758307256
393	0.4752525099
394	0.4747944184
395	0.4741542192
396	0.4736774159
397	0.4729841445
398	0.4724101588
399	0.4719721167
400	0.4711768875
401	0.4703385974
402	0.4697295922
403	0.4693791995
404	0.4689864835
405	0.4684057151
406	0.4679151058
407	0.467475452
408	0.4667674293
409	0.4661542576
410	0.4656701821
411	0.4652901649
412	0.4645678074
413	0.4641774915
414	0.4636230591
415	0.4630998746
416	0.4623101711
417	0.46179314
418	0.4609685398
419	0.4602656984
420	0.4597694884
421	0.4593343757
422	0.4588814292
423	0.4583752846
424	0.4579250169
425	0.4572930167
426	0.4563186653
427	0.4559737824
428	0.4553898078
429	0.4547478827
430	0.4540947684
431	0.4535727429
432	0.4530793386
433	0.4526179945
434	0.4522421865
435	0.4518763917
436	0.4514710071
437	0.4509918707
438	0.4505490169
439	0.4501520754
440	0.4498579303
441	0.4493675129
442	0.4488517021
443	0.4484552007
444	0.4480179261
445	0.4476456548
446	0.4474190877
447	0.4470489538
448	0.4463235111
449	0.4459068865
450	0.4453481521
451	0.4447136755
452	0.4441283864
453	0.4438363518
454	0.4433252091
455	0.4427048229
456	0.4420933172
457	0.4415711143
458	0.4410026455
459	0.4404361687
460	0.4399179583
461	0.4392873164
462	0.438835569
463	0.4383133643
464	0.437986992
465	0.4374931819
466	0.4368884262
467	0.4364317265
468	0.4360356287
469	0.4355442093
470	0.4347468233
471	0.4343396389
472	0.4339012446
473	0.4332760948
474	0.4328340555
475	0.4324845939
476	0.4320116866
477	0.4315204984
478	0.4310844015
479	0.4304860621
480	0.4298158518
481	0.4293225399
482	0.4288334634
483	0.4282925931
484	0.4278590125
485	0.4275607301
486	0.4269977042
487	0.4265848632
488	0.4260510287
489	0.4254947793
490	0.4247482214
491	0.4245067253
492	0.424062985
493	0.423564057
494	0.4231638397
495	0.4223668305
496	0.4218910715
497	0.4214699522
498	0.420992272
499	0.4205578024
500	0.4201749177
501	0.4195318686
502	0.4190458829
503	0.4185983298
504	0.4181619298
505	0.4176585513
506	0.417309862
507	0.416875195
508	0.4163538441
509	0.4159648326
510	0.415615994
511	0.4153055704
512	0.4146888324
513	0.4141686172
514	0.4134614085
515	0.4131234408
516	0.412711903
517	0.4123283115
518	0.4117475408
519	0.4112693158
520	0.4110099614
521	0.4106221538
522	0.4102762818
523	0.4096328184
524	0.4091942964
525	0.4085511692
526	0.4081527963
527	0.4077643776
528	0.4071618413
529	0.406719249
530	0.4061681619
531	0.4057311818
532	0.4051848652
533	0.4048808608
534	0.4045163092
535	0.4041842198
536	0.4035338622
537	0.4032631361
538	0.4029372182
539	0.4024694308
540	0.4022705686
541	0.4019628471
542	0.4015730722
543	0.4012854054
544	0.4009791598
545	0.4005832896
546	0.4002005616
547	0.3997066152
548	0.3993323117
549	0.3986947468
550	0.3982587746
551	0.3978879544
552	0.3973516268
553	0.396840201
554	0.3964174048
555	0.396005705
556	0.3957757372
557	0.3952968701
558	0.3946816887
559	0.3943432931
560	0.3940207134
561	0.3937045625
562	0.3933073394
563	0.3927471074
564	0.392172293
565	0.3918519321
566	0.3914932383
567	0.3910100738
568	0.3905265619
569	0.3899990577
570	0.3895736661
571	0.3893129255
572	0.3888557027
573	0.3882416511
574	0.3879190247
575	0.3874338046
576	0.3869559896
577	0.3866090024
578	0.3862803651
579	0.3857543703
580	0.385316478
581	0.3849959105
582	0.3845563775
583	0.3840913352
584	0.3835617442
585	0.3830937375
586	0.3827970652
587	0.3825859439
588	0.3822639657
589	0.3818594677
590	0.3815926236
591	0.3812650593
592	0.3809229127
593	0.3803813281
594	0.3798944347
595	0.3792957429
596	0.3787918332
597	0.3784245332
598	0.3778408925
599	0.3774365259
600	0.3772083721
601	0.3768297393
602	0.3765104908
603	0.3760448921
604	0.3757299964
605	0.3753972188
606	0.3750246424
607	0.3746672935
608	0.3742913064
609	0.3738884565
610	0.3733223337
611	0.3728335968
612	0.3724680952
613	0.3720773873
614	0.3717746516
615	0.3712507719
616	0.3710357591
617	0.3706752483
618	0.3703618371
619	0.3700730443
620	0.3697510524
621	0.369501018
622	0.369087584
623	0.3686176522
624	0.3681939192
625	0.3678738519
626	0.3676045304
627	0.3671828286
628	0.3667312351
629	0.3663701222
630	0.3661664842
631	0.3657686253
632	0.3654527373
633	0.3651586746
634	0.364774323
635	0.3645286775
636	0.3641795956
637	0.3639522983
638	0.3636442977
639	0.3633206703
640	0.3629655675
641	0.362556157
642	0.3623153171
643	0.3619536835
644	0.361654055
645	0.3613594169
646	0.3609798155
647	0.3606624174
648	0.360267867
649	0.3598457908
650	0.3593306934
651	0.3590727261
652	0.3586809336
653	0.3582620619
654	0.3579334092
655	0.357714138
656	0.3574160347
657	0.3569299964
658	0.3565785983
659	0.356252869
660	0.3557592093
661	0.3553585898
662	0.3550557903
663	0.3546675562
664	0.3545570995
665	0.3542636443
666	0.3538143543
667	0.3534852843
668	0.3531912744
669	0.3528293211
670	0.3526389337
671	0.3523629719
672	0.3519381275
673	0.3514160109
674	0.3510184227
675	0.3506916722
676	0.3504455118
677	0.3500203876
678	0.3497767402
679	0.3494825576
680	0.3491150269
681	0.681	0.35886682	0.682	0.3584683	0.3683	0.3579684	0.3684	0.3573685	0.3685	0.3570686	0.3686	0.3565943998
687	0.3560684729
688	0.355628715
689	0.3551176921
690	0.3547268738
691	0.3543115351
692	0.3539636695
693	0.3536767065
694	0.3532731854
695	0.3529626131
696	0.3526344266
697	0.3524577498
698	0.35215811
699	0.3517498163
700	0.3514385447
701	0.3512076806
702	0.3507843912
703	0.3506887956
704	0.3503167971
705	0.3498519657
706	0.3493763622
707	0.3488821527
708	0.3486031846
709	0.3481666734
710	0.3477535625
711	0.3474752903
712	0.3471582201
713	0.3466999024
714	0.3463765341
715	0.3461345729
716	0.3459243012
717	0.3456974797
718	0.3453341233
719	0.3451270006
720	0.3448681616
721	0.3445929521
722	0.3443336117
723	0.3440828835
724	0.343867347
725	0.3435616073
726	0.3433385594
727	0.3431530253
728	0.3428581279
729	0.3425566322
730	0.3421782461
731	0.3420223778
732	0.3416196615
733	0.3412556804
734	0.340815929
735	0.340458662
736	0.3400405176
737	0.3396528074
738	0.339225373
739	0.3388887947
740	0.3385663872
741	0.3382706817
742	0.3379383797
743	0.3375063496
744	0.3369942015
745	0.3366694088
746	0.3363314628
747	0.3360735209
748	0.3357299659
749	0.3353968611
750	0.3351851116
751	0.3348461833
752	0.3345129719
753	0.3342119986
754	0.3338535094
755	0.3335489065
756	0.3332493001
757	0.3328134263
758	0.3324655463
759	0.3321469946
760	0.3318079787
761	0.3314311152
762	0.331216165
763	0.330909882
764	0.3305835445
765	0.3302326839
766	0.3298913002
767	0.3295284415
768	0.329377163
769	0.329017598
770	0.3286386736
771	0.3281540842
772	0.3277841715
773	0.3277003981
774	0.3274511228
775	0.3270263979
776	0.3267124291
777	0.3263506613
778	0.326212886
779	0.3259082863
780	0.3255618092
781	0.3253034895
782	0.3249926496
783	0.3247718644
784	0.3246692709
785	0.3244383365
786	0.3241577264
787	0.3240333085
788	0.3235627608
789	0.3233690967
790	0.3230584815
791	0.3228203241
792	0.3223551951
793	0.3220545355
794	0.3217606881
795	0.3214691328
796	0.3210345817
797	0.3206579117
798	0.3203504312
799	0.3200813095
800	0.3197568395
801	0.3194699164
802	0.3192361387
803	0.3189648941
804	0.3186781674
805	0.3182650608
806	0.3179457749
807	0.3175528158
808	0.3173136752
809	0.3169147124
810	0.316395275
811	0.3160710935
812	0.3158050746
813	0.3154362147
814	0.3150519518
815	0.3146878111
816	0.3143362723
817	0.3139645402
818	0.3134926321
819	0.3132652964
820	0.3128924439
821	0.3125086724
822	0.3121663307
823	0.3117387976
824	0.3115133051
825	0.3111532241
826	0.3107774952
827	0.3103423119
828	0.3101191023
829	0.3096667908
830	0.3092305582
831	0.3088973954
832	0.3086516029
833	0.30837132
834	0.3081461868
835	0.307731865
836	0.3074647053
837	0.3071472325
838	0.3066457682
839	0.3062912116
840	0.3059843733
841	0.3055585658
842	0.3054297656
843	0.3051126672
844	0.3048078196
845	0.3044356734
846	0.3042465098
847	0.3038797827
848	0.3034515718
849	0.3030900715
850	0.3026621565
851	0.3022917177
852	0.3020981425
853	0.3017579362
854	0.3014830759
855	0.3010915877
856	0.3008166973
857	0.3006061163
858	0.3002305553
859	0.2999800551
860	0.2998605347
861	0.2996047688
862	0.299321488
863	0.2992019245
864	0.2991242313
865	0.2987302178
866	0.2985086652
867	0.2981328305
868	0.2977873642
869	0.2973094914
870	0.2970051114
871	0.2966685265
872	0.2962466648
873	0.2960147273
874	0.29568328
875	0.29541339
876	0.2951653735
877	0.294906288
878	0.2946094905
879	0.2942051239
880	0.2937984638
881	0.2934159986
882	0.2930717234
883	0.2929190649
884	0.2927795336
885	0.2923969472
886	0.2921588138
887	0.2918872324
888	0.2914760127
889	0.291260244
890	0.291082947
891	0.2907179465
892	0.2904985879
893	0.2903442635
894	0.289960507
895	0.2896870407
896	0.2893534362
897	0.2891104804
898	0.2887921248
899	0.2883925068
900	0.287978057
901	0.2878545082
902	0.2874230767
903	0.2871754527
904	0.2868083428
905	0.2863896636
906	0.2860244483
907	0.2858110947
908	0.2854552849
909	0.2851218999
910	0.284837199
911	0.2844887431
912	0.284275396
913	0.2839511946
914	0.283637326
915	0.2834625844
916	0.2831374823
917	0.2828685119
918	0.2824847949
919	0.2821549864
920	0.2820564922
921	0.2817949832
922	0.2813929946
923	0.2811107301
924	0.2806902563
925	0.2803509883
926	0.2801276466
927	0.2797482208
928	0.2793505535
929	0.2789665289
930	0.2787088891
931	0.2784897347
932	0.2784229808
933	0.2781680712
934	0.2778633193
935	0.2776197353
936	0.2773503711
937	0.2770027664
938	0.2767052998
939	0.2763556965
940	0.276151976
941	0.2760421595
942	0.2757078748
943	0.2756464483
944	0.2754551952
945	0.275159125
946	0.2749924103
947	0.2747407159
948	0.2743990874
949	0.2742331052
950	0.2738896615
951	0.273571025
952	0.2733756649
953	0.2730972862
954	0.2730480121
955	0.2727224656
956	0.272443756
957	0.2720881911
958	0.2718928888
959	0.2715696671
960	0.2712847519
961	0.2709904062
962	0.27080449
963	0.2705629423
964	0.2702718334
965	0.2700553391
966	0.2698115206
967	0.2695967727
968	0.2693820543
969	0.2691340941
970	0.2687974384
971	0.2685599351
972	0.2682079762
973	0.2680903462
974	0.2678419892
975	0.2674900336
976	0.2672611942
977	0.2671292771
978	0.2668787485
979	0.2667181493
980	0.266642816
981	0.2662447064
982	0.2660683768
983	0.2658056592
984	0.2656069254
985	0.2652995984
986	0.2652304576
987	0.2648923371
988	0.2646023637
989	0.2643985083
990	0.2642712993
991	0.2640346331
992	0.2637484801
993	0.2634699314
994	0.2633249111
995	0.2632456595
996	0.2630736441
997	0.2629269195
998	0.2625617967
999	0.26249238
1000	0.2621286733
1001	0.2617930523
1002	0.2616268892
1003	0.2613990199
1004	0.2612101833
1005	0.2609091702
1006	0.2607095563
1007	0.260486239
1008	0.2603819354
1009	0.2600651691
1010	0.2598562347
1011	0.2595416946
1012	0.259270809
1013	0.2592125645
1014	0.2588992545
1015	0.2587293384
1016	0.2584142929
1017	0.2583501431
1018	0.2581390452
1019	0.2579185411
1020	0.2578552524
1021	0.2576260187
1022	0.2574315647
1023	0.2570606008
1024	0.2567430101
1025	0.2566817153
1026	0.2564530046
1027	0.256100353
1028	0.2557465979
1029	0.2554675484
1030	0.2551930462
1031	0.2550751744
1032	0.2548190854
1033	0.2547746776
1034	0.2545632594
1035	0.2544075079
1036	0.254104803
1037	0.2537601577
1038	0.2534333434
1039	0.2533110575
1040	0.2530745882
1041	0.2529247455
1042	0.252579652
1043	0.2524877203
1044	0.2522881017
1045	0.2521431262
1046	0.2518888566
1047	0.2518112719
1048	0.2515104508
1049	0.2512433265
1050	0.2510361872
1051	0.2508535573
1052	0.2506305606
1053	0.2504146576
1054	0.2501838102
1055	0.2499313578
1056	0.2496693268
1057	0.2495119669
1058	0.2492398987
1059	0.2490313013
1060	0.2487087979
1061	0.2484874871
1062	0.2484281109
1063	0.2481380028
1064	0.2480361725
1065	0.2477302687
1066	0.2475454531
1067	0.2472676705
1068	0.247146145
1069	0.2468691726
1070	0.2466289527
1071	0.2463280323
1072	0.2460551584
1073	0.2459731479
1074	0.2458410527
1075	0.2455739567
1076	0.2454680974
1077	0.2453274739
1078	0.2452415336
1079	0.2449974608
1080	0.2446422392
1081	0.244553387
1082	0.2442240389
1083	0.2439910001
1084	0.2437649853
1085	0.2435491256
1086	0.2433225857
1087	0.2430770254
1088	0.2429138755
1089	0.2428026119
1090	0.2425203453
1091	0.2422202106
1092	0.2418622348
1093	0.241735418
1094	0.2414685464
1095	0.2413109926
1096	0.2410844677
1097	0.2409210014
1098	0.2407288925
1099	0.2406888064
1100	0.2403307231
1101	0.2401044474
1102	0.240011588
1103	0.2397673517
1104	0.2395123955
1105	0.2392976853
1106	0.2392374677
1107	0.2391385272
1108	0.2388472176
1109	0.2386077589
1110	0.2385591624
1111	0.2383816806
1112	0.2382309545
1113	0.2381103243
1114	0.2378127326
1115	0.23755394
1116	0.2373027777
1117	0.2371365835
1118	0.2369559928
1119	0.2367362931
1120	0.2364415954
1121	0.2362196952
1122	0.2358512762
1123	0.2357006653
1124	0.2354964798
1125	0.2352339743
1126	0.2349962726
1127	0.2348426117
1128	0.2346715556
1129	0.2344525271
1130	0.2342870287
1131	0.2342018374
1132	0.2339463007
1133	0.2339034404
1134	0.2336904747
1135	0.2334431519
1136	0.233389971
1137	0.2333317848
1138	0.2330887716
1139	0.2330377742
1140	0.2329102817
1141	0.2327587057
1142	0.2324673556
1143	0.2322693236
1144	0.2319633694
1145	0.2318555998
1146	0.2316594195
1147	0.2314003682
1148	0.2311640566
1149	0.2311070875
1150	0.2308460197
1151	0.2306380359
1152	0.2303764008
1153	0.2303281954
1154	0.2301070168
1155	0.2298644694
1156	0.2296061221
1157	0.2295356923
1158	0.2294084614
1159	0.2291556979
1160	0.2289460921
1161	0.2287754795
1162	0.2285477739
1163	0.2283124804
1164	0.2281004394
1165	0.2279661867
1166	0.2278216298
1167	0.2275084213
1168	0.2274295614
1169	0.2271943571
1170	0.2270673434
1171	0.2268699471
1172	0.2267801232
1173	0.2266424866
1174	0.2266161459
1175	0.2265684638
1176	0.2263878856
1177	0.226219717
1178	0.2259633402
1179	0.2258398335
1180	0.2257509596
1181	0.2255183482
1182	0.2254804483
1183	0.2252811136
1184	0.2250940505
1185	0.2249207031
1186	0.2247551833
1187	0.2247254236
1188	0.2245504343
1189	0.2244758619
1190	0.2243258785
1191	0.2241339
1192	0.223928254
1193	0.2236244822
1194	0.2234195039
1195	0.2232615751
1196	0.2230743169
1197	0.2229448574
1198	0.2227676356
1199	0.2225042125
1200	0.2224307817
1201	0.2222104278
1202	0.2219882408
1203	0.2217617692
1204	0.2216403559
1205	0.2215289429
1206	0.2213021
1207	0.221127224
1208	0.2210372063
1209	0.2207786163
1210	0.2205378352
1211	0.2203894643
1212	0.220170971
1213	0.2199255842
1214	0.219727968
1215	0.2196257021
1216	0.2195253418
1217	0.2192534192
1218	0.2192218714
1219	0.2190237507
1220	0.2188041766
1221	0.2187580532
1222	0.2186507127
1223	0.2184320305
1224	0.2182560799
1225	0.2179950739
1226	0.2177747922
1227	0.2175845739
1228	0.2173824051
1229	0.2170959008
1230	0.2168437478
1231	0.2167493263
1232	0.2165788582
1233	0.2163549942
1234	0.2161667508
1235	0.2159827189
1236	0.2158154483
1237	0.2155935508
1238	0.2153706344
1239	0.2151332318
1240	0.2150394065
1241	0.2148620335
1242	0.2146772741
1243	0.2144416342
1244	0.2142101334
1245	0.2140650094
1246	0.2138036224
1247	0.213614394
1248	0.213359327
1249	0.2131468499
1250	0.2129097109
1251	0.2127674599
1252	0.2124978787
1253	0.2123815207
1254	0.2122046797
1255	0.21199415
1256	0.2117917547
1257	0.2116486128
1258	0.2115869393
1259	0.2113811446
1260	0.2111718263
1261	0.2109368647
1262	0.2107210254
1263	0.2105169377
1264	0.2104837462
1265	0.2102510624
1266	0.210064978
1267	0.2098286125
1268	0.2096147956
1269	0.2093794848
1270	0.2093176933
1271	0.2091879302
1272	0.2089257292
1273	0.2087540812
1274	0.2087206156
1275	0.2085063496
1276	0.2083480608
1277	0.2081897644
1278	0.2079728494
1279	0.207709754
1280	0.2075111443
1281	0.2074714623
1282	0.207220825
1283	0.2070717143
1284	0.2069511025
1285	0.2069061479
1286	0.2067425314
1287	0.2065530356
1288	0.2065202622
1289	0.2063487073
1290	0.2061098482
1291	0.2059604425
1292	0.2057786755
1293	0.2055757338
1294	0.2053941314
1295	0.2053475171
1296	0.2052944868
1297	0.2050928525
1298	0.2048683195
1299	0.2046816968
1300	0.2045655161
1301	0.2044160798
1302	0.2042456355
1303	0.2041726959
1304	0.2038929006
1305	0.2037327769
1306	0.2035378851
1307	0.2033292956
1308	0.2031470896
1309	0.2030765648
1310	0.2029986985
1311	0.2029239857
1312	0.2028479029
1313	0.2027601696
1314	0.202541289
1315	0.2023253251
1316	0.2021610813
1317	0.2019947769
1318	0.2019226787
1319	0.2017235617
1320	0.2016891751
1321	0.2016239258
1322	0.2014860384
1323	0.2012509203
1324	0.2009871163
1325	0.2009554743
1326	0.2007695347
1327	0.2006871595
1328	0.2005058009
1329	0.2003381453
1330	0.2002203212
1331	0.20005079
1332	0.199875311
1333	0.1997478003
1334	0.1997113257
1335	0.1996234064
1336	0.1995335677
1337	0.1994308576
1338	0.1992454721
1339	0.1990620636
1340	0.1988543118
1341	0.1987044577
1342	0.1985934525
1343	0.1983941841
1344	0.1982630643
1345	0.1982370785
1346	0.1981524505
1347	0.1980865666
1348	0.1978597793
1349	0.1977745288
1350	0.1976765449
1351	0.1974596395
1352	0.197341373
1353	0.1971950991
1354	0.197035426
1355	0.1967134424
1356	0.1966107199
1357	0.1964615969
1358	0.1961852085
1359	0.1960818948
1360	0.1958646148
1361	0.1957896108
1362	0.1955802183
1363	0.1954198137
1364	0.1952876273
1365	0.1951973908
1366	0.1950161014
1367	0.1949382478
1368	0.1947388675
1369	0.1946808359
1370	0.1946139258
1371	0.1945219063
1372	0.1943197207
1373	0.1941698913
1374	0.1940941084
1375	0.1940605363
1376	0.1938547644
1377	0.1937055229
1378	0.1935150727
1379	0.1933118027
1380	0.1931295275
1381	0.1929729852
1382	0.1927602555
1383	0.1926217328
1384	0.1924145685
1385	0.1922045773
1386	0.1919600074
1387	0.1918641914
1388	0.1916931191
1389	0.1915128398
1390	0.1914460669
1391	0.1914172328
1392	0.1913036264
1393	0.1911826115
1394	0.1911004476
1395	0.1908844916
1396	0.1906321153
1397	0.1904616662
1398	0.1903634106
1399	0.1901934996
1400	0.1899791169
1401	0.1898324395
1402	0.1896031801
1403	0.189404332
1404	0.1893112257
1405	0.1892537818
1406	0.1890642663
1407	0.1888402284
1408	0.1887401017
1409	0.188541064
1410	0.1883874254
1411	0.1882193171
1412	0.1880565101
1413	0.1879502546
1414	0.1877751817
1415	0.1875145144
1416	0.1873596425
1417	0.1871736677
1418	0.1870667506
1419	0.1869302628
1420	0.1868556478
1421	0.186634811
1422	0.1866055827
1423	0.1864426384
1424	0.1863159269
1425	0.1861340175
1426	0.1860401889
1427	0.1858575559
1428	0.1856576523
1429	0.1854676008
1430	0.1852750748
1431	0.1851764426
1432	0.185093035
1433	0.184983092
1434	0.1849045081
1435	0.1847273278
1436	0.1845415219
1437	0.1844168611
1438	0.1843379698
1439	0.1842629697
1440	0.1841937585
1441	0.1840571775
1442	0.183981526
1443	0.1839394651
1444	0.1837928373
1445	0.1836421523
1446	0.1834405174
1447	0.1833725641
1448	0.1831373818
1449	0.1831115613
1450	0.1830510577
1451	0.1829583362
1452	0.1827485035
1453	0.1825816342
1454	0.1824120575
1455	0.1822729836
1456	0.1821492616
1457	0.1819741904
1458	0.1817902311
1459	0.1817027635
1460	0.181555305
1461	0.1814417317
1462	0.1813506854
1463	0.1813101405
1464	0.1811947093
1465	0.1810488301
1466	0.1808404417
1467	0.1806480302
1468	0.1804894995
1469	0.1804510132
1470	0.1804120575
1471	0.1802855656
1472	0.1801189027
1473	0.1799939712
1474	0.1799317591
1475	0.1797478955
1476	0.1795980496
1477	0.1793793383
1478	0.1792286341
1479	0.1791364393
1480	0.1789319357
1481	0.178725437
1482	0.1786553521
1483	0.1784607697
1484	0.178350584
1485	0.1781634333
1486	0.17799731
1487	0.1778268381
1488	0.177742872
1489	0.177632431
1490	0.1774663685
1491	0.1773684577
1492	0.1772143181
1493	0.177086158
1494	0.1769984859
1495	0.1769557519
1496	0.176781523
1497	0.1766429362
1498	0.1764933614
1499	0.1763201301
1500	0.1762463611
1501	0.1761820272
1502	0.1761147104
1503	0.1759537957
1504	0.1758344258
1505	0.1757571914
1506	0.1757322695
1507	0.1755282677
1508	0.1753408045
1509	0.1752081849
1510	0.1750892594
1511	0.1749745278
1512	0.1749085588
1513	0.1747431502
1514	0.1746275747
1515	0.174475639
1516	0.1743493917
1517	0.1742094813
1518	0.1740193324
1519	0.1739982159
1520	0.1738656074
1521	0.1737487928
1522	0.173599017
1523	0.1734393073
1524	0.1732901669
1525	0.1732646355
1526	0.1731020394
1527	0.1728846219
1528	0.172723149
1529	0.1726128063
1530	0.1724746903
1531	0.1724493175
1532	0.1722712629
1533	0.1722093012
1534	0.1720754776
1535	0.1718976625
1536	0.1718380859
1537	0.171796663
1538	0.171759757
1539	0.1716835005
1540	0.1715191865
1541	0.171442489
1542	0.1713926806
1543	0.1712465044
1544	0.1711187551
1545	0.1710828578
1546	0.170949376
1547	0.17092059
1548	0.1707413063
1549	0.170645906
1550	0.1704768764
1551	0.1703319412
1552	0.1701760351
1553	0.1700587292
1554	0.1699985111
1555	0.1698669311
1556	0.1697555487
1557	0.1696030866
1558	0.1694959947
1559	0.1692974995
1560	0.1690882561
1561	0.1690158992
1562	0.1689309435
1563	0.1687960534
1564	0.1686360194
1565	0.1683648945
1566	0.1682811054
1567	0.1680524176
1568	0.1678628215
1569	0.1677399862
1570	0.1676874844
1571	0.1675561141
1572	0.1675045083
1573	0.1673568761
1574	0.1673180168
1575	0.1672540561
1576	0.167096908
1577	0.1669194109
1578	0.1668656649
1579	0.1666850701
1580	0.1666118672
1581	0.1665939821
1582	0.1664897241
1583	0.1664252542
1584	0.1662272399
1585	0.1660627805
1586	0.1658831213
1587	0.1657701275
1588	0.1656331705
1589	0.1655217712
1590	0.1653613451
1591	0.1652413558
1592	0.1651869224
1593	0.1650458509
1594	0.1648759425
1595	0.1648545607
1596	0.1647945717
1597	0.1646210425
1598	0.1644609518
1599	0.1643718437
1600	0.1642047286
1601	0.1640695182
1602	0.1639668802
1603	0.163882613
1604	0.163783942
1605	0.1636643165
1606	0.1634796897
1607	0.1632932241
1608	0.1632615752
1609	0.1631342059
1610	0.1629676294
1611	0.1629336241
1612	0.1627954571
1613	0.1627126049
1614	0.1625849111
1615	0.1623992471
1616	0.1622609849
1617	0.1622125612
1618	0.1621714853
1619	0.162102379
1620	0.1620453939
1621	0.1619655688
1622	0.1618239434
1623	0.1616755718
1624	0.1615259672
1625	0.1613204988
1626	0.1612211124
1627	0.1611410628
1628	0.16110878
1629	0.1610058232
1630	0.1609198637
1631	0.1608801137
1632	0.1607159119
1633	0.1606231289
1634	0.1605504801
1635	0.1604197379
1636	0.1603495826
1637	0.1602172135
1638	0.1601861649
1639	0.1599668639
1640	0.1598100082
1641	0.1597868551
1642	0.1596518606
1643	0.1594976052
1644	0.1594430051
1645	0.1593413818
1646	0.1591367103
1647	0.1589830082
1648	0.158836729
1649	0.158679043
1650	0.1585452171
1651	0.1584214451
1652	0.1582441411
1653	0.158087616
1654	0.1580091759
1655	0.1578994207
1656	0.1577827176
1657	0.157650667
1658	0.1575803299
1659	0.1575505969
1660	0.1574445625
1661	0.1573063514
1662	0.1572798191
1663	0.1571004028
1664	0.1569926361
1665	0.1568955548
1666	0.1567859708
1667	0.1566555054
1668	0.1564452411
1669	0.1562959853
1670	0.1562092397
1671	0.1561161675
1672	0.1560392
1673	0.1558769446
1674	0.1558155166
1675	0.155782705
1676	0.1557384201
1677	0.1556198943
1678	0.1555915331
1679	0.1553977901
1680	0.1553294772
1681	0.1552244226
1682	0.1550632981
1683	0.1549645203
1684	0.1549214104
1685	0.1548463692
1686	0.1547928691
1687	0.1546957516
1688	0.1546264757
1689	0.1545012467
1690	0.1543620594
1691	0.1542940915
1692	0.1542310347
1693	0.1542167256
1694	0.1540742614
1695	0.1538778098
1696	0.1538593023
1697	0.1537878719
1698	0.1536278406
1699	0.1536044155
1700	0.1535472986
1701	0.1534406487
1702	0.1532878145
1703	0.1531671244
1704	0.1531337857
1705	0.1529680148
1706	0.1528438023
1707	0.1528256549
1708	0.1527431581
1709	0.152702097
1710	0.1526279664
1711	0.1525138914
1712	0.1523893133
1713	0.152331041
1714	0.1522164038
1715	0.1520768109
1716	0.1519609411
1717	0.1519001161
1718	0.151829002
1719	0.151746114
1720	0.1516025413
1721	0.1514765769
1722	0.1513484061
1723	0.1511924099
1724	0.1510578612
1725	0.1509217755
1726	0.1508803387
1727	0.1507800261
1728	0.1506707125
1729	0.1505973621
1730	0.1504965405
1731	0.1504217085
1732	0.1503548314
1733	0.1502562249
1734	0.1502342599
1735	0.1501510836
1736	0.1499734361
1737	0.149803304
1738	0.1497402694
1739	0.1496799611
1740	0.1496221938
1741	0.1495191162
1742	0.1494334309
1743	0.1493064128
1744	0.1492092386
1745	0.1490605726
1746	0.1489241347
1747	0.1488003516
1748	0.1486372464
1749	0.1485032211
1750	0.148321547
1751	0.148225061
1752	0.1481218401
1753	0.1480727058
1754	0.1479532953
1755	0.1478204515
1756	0.1476927395
1757	0.1475471783
1758	0.1474179731
1759	0.1472515528
1760	0.1471486353
1761	0.1470193473
1762	0.1469470714
1763	0.1467785993
1764	0.1466971405
1765	0.1466468378
1766	0.1465186789
1767	0.1464618274
1768	0.146350881
1769	0.1462661033
1770	0.1461017363
1771	0.1459914968
1772	0.1458970524
1773	0.145715972
1774	0.1456151132
1775	0.1455115196
1776	0.1454202716
1777	0.1452424321
1778	0.1450863285
1779	0.1449241709
1780	0.1447947163
1781	0.1446437125
1782	0.1446065877
1783	0.1445750595
1784	0.1443825942
1785	0.1442870622
1786	0.1441646158
1787	0.1440589484
1788	0.1439454588
1789	0.1438316918
1790	0.1437108547
1791	0.143666266
1792	0.143472968
1793	0.1434323071
1794	0.1433901826
1795	0.1432822707
1796	0.1431678414
1797	0.1431152167
1798	0.1430184674
1799	0.1429087967
1800	0.1427840174
1801	0.1426807576
1802	0.142550621
1803	0.1424631359
1804	0.1423718478
1805	0.1422948083
1806	0.1421879452
1807	0.1420830476
1808	0.1419739974
1809	0.1418219467
1810	0.1418007594
1811	0.1417531181
1812	0.1416668858
1813	0.1415075005
1814	0.1413476889
1815	0.1412485796
1816	0.1411370903
1817	0.1410651202
1818	0.1409772623
1819	0.1409059788
1820	0.1407664723
1821	0.1407013198
1822	0.1406591672
1823	0.1405628977
1824	0.1404669605
1825	0.1403712596
1826	0.1402278793
1827	0.14012463
1828	0.1400961817
1829	0.1400247105
1830	0.1399918297
1831	0.1399581039
1832	0.139876929
1833	0.1397684898
1834	0.139652583
1835	0.1396205479
1836	0.1394992469
1837	0.139363954
1838	0.1392692612
1839	0.1391941641
1840	0.1390839592
1841	0.1390693285
1842	0.1390111703
1843	0.1389906283
1844	0.1388888191
1845	0.1387399375
1846	0.1386703755
1847	0.1384912668
1848	0.1383478338
1849	0.1382448195
1850	0.1382016026
1851	0.138123849
1852	0.137963204
1853	0.1378923941
1854	0.1377862795
1855	0.1376960746
1856	0.1376059883
1857	0.137505733
1858	0.1374883495
1859	0.1373588564
1860	0.1372608057
1861	0.1371558635
1862	0.1370537135
1863	0.1370105719
1864	0.1368802945
1865	0.1368209263
1866	0.1367480145
1867	0.1366878505
1868	0.1366034547
1869	0.1365877616
1870	0.1365232705
1871	0.1364932583
1872	0.1363642914
1873	0.1362873356
1874	0.1361206811
1875	0.1361066184
1876	0.1360090417
1877	0.1359026216
1878	0.1357815502
1879	0.1357045609
1880	0.1356823608
1881	0.1355401718
1882	0.1353978494
1883	0.1352455675
1884	0.1352188666
1885	0.1351501901
1886	0.135075666
1887	0.1349785731
1888	0.1348856755
1889	0.1348683883
1890	0.1348473199
1891	0.1347191716
1892	0.1346944215
1893	0.1346778502
1894	0.1346561661
1895	0.1346059223
1896	0.1345091856
1897	0.1343991428
1898	0.134277855
1899	0.1341871205
1900	0.1341485334
1901	0.1341018846
1902	0.1340124052
1903	0.1338803044
1904	0.1337668971
1905	0.1336876984
1906	0.1336103995
1907	0.1334642916
1908	0.1333638355
1909	0.1332422296
1910	0.1331389454
1911	0.1331177939
1912	0.1329995199
1913	0.1329018971
1914	0.1328714507
1915	0.1327470639
1916	0.1326880461
1917	0.1325419026
1918	0.132398368
1919	0.1322796784
1920	0.1321678691
1921	0.1320591743
1922	0.1319559977
1923	0.1318613199
1924	0.1317233893
1925	0.1316139485
1926	0.1315210922
1927	0.1314468893
1928	0.1314251761
1929	0.1313066486
1930	0.1312674523
1931	0.1312438127
1932	0.1311574463
1933	0.1310089872
1934	0.1309134927
1935	0.1307925993
1936	0.1306723185
1937	0.13064889
1938	0.130500847
1939	0.1304335801
1940	0.1303557721
1941	0.1302997479
1942	0.13018744
1943	0.1300844168
1944	0.1300634898
1945	0.1299888938
1946	0.1298781041
1947	0.12975528
1948	0.1295766579
1949	0.1295224893
1950	0.1294919929
1951	0.1294732997
1952	0.1293835191
1953	0.1292840489
1954	0.1292127046
1955	0.1291940421
1956	0.1291334158
1957	0.1291104981
1958	0.1290774166
1959	0.1289323773
1960	0.1288312087
1961	0.1288082004
1962	0.1286984965
1963	0.1286113041
1964	0.128464723
1965	0.128360605
1966	0.1282453479
1967	0.1281233168
1968	0.1280557026
1969	0.1280122371
1970	0.1279722596
1971	0.1278636277
1972	0.1277546826
1973	0.1276070079
1974	0.1275090751
1975	0.1274734661
1976	0.1274030905
1977	0.1273306322
1978	0.1271972924
1979	0.1270960334
1980	0.1269855963
1981	0.1268798803
1982	0.1267805544
1983	0.1267629412
1984	0.1266731791
1985	0.1266213429
1986	0.1265089289
1987	0.1264854941
1988	0.1264149214
1989	0.1263058349
1990	0.1261565693
1991	0.1260801339
1992	0.1260054955
1993	0.1259029044
1994	0.125886266
1995	0.1258684356
1996	0.1257770272
1997	0.1256977361
1998	0.1256246449
1999	0.125512559
	0.1156026235
