iter	Passed	Remaining
0	53	10746311	85	8548722	125	83723	3	169	84474	4	208	83205	5	253	84346	6	297	84677	7	335	83598	8	379	83979	9	419	83491010	450	81531111	488	80991212	551	84271313	576	81821414	614	81301515	650	80721616	683	79711717	731	80491818	750	782519	808	80008
20	839	79072
21	891	80118
22	940	80837
23	974	80273
24	1029	81318
25	1075	81648
26	1109	81083
27	1138	80209
228	1170	79583229	1205	7917030	1259	80017
331	1288	79257332	1319	78634333	1365	7894334	1411	79270
335	1436	78395336	1474	78235337	1512	7811238	1582	79580
339	1609	7884440	1669	79751
41	1715	79972
42	1777	80885
43	1801	80085
44	1846	80199
45	1888	80208
46	1937	80528
47	1978	80440
48	2036	81076
49	2066	80587
50	2090	79885
51	2139	80140
552	2163	79486553	2192	79029554	2228	78824555	2269	78790556	2322	79161557	2356	78896558	2395	78808559	2442	78980
60	2493	79268
61	2521	78828
62	2557	78643
63	2590	78375664	2619	77992665	2685	78696
66	2718	78417
67	2765	78576
68	2815	78786
69	2858	78814
70	2896	78706
71	2935	78610
72	2976	78566
73	3007	78286
74	3058	78494
75	3087	78157
76	3126	78084
77	3158	77835
78	3189	77558
79	3227	77465
80	3258	77202
81	3306	77337
82	3351	77412
83	3407	77733
84	3435	77407
85	3464	77111
86	3494	76848
87	3524	76567
88	3553	76300
89	3599	76395
90	3632	76200
91	3674	76195
92	3698	75835
93	3746	75973
94	3784	75894
95	3820	75767
96	3853	75602
97	3903	75759
98	3962	76087
99	3985	75729
100	4018	75558
101	4054	75452
102	4087	75287
103	4111	74951
104	4134	74621
105	4165	74434
106	4188	74093
107	4208	73718
108	4242	73605
109	4267	73326
110	4288	72975
111	4310	72670
112	4325	72239
113	4347	71922
114	4367	71587
115	4387	71260
116	4410	70982
117	4430	70659
118	4450	70353
119	4478	70157
120	4507	69993
121	4530	69744
122	4550	69440
123	4574	69201
124	4595	68929
125	4611	68583
126	4633	68340
127	4646	67954
128	4663	67633
129	4683	67371
130	4700	67069
131	4715	66733
132	4730	66408
133	4745	66078
134	4763	65807
135	4778	65498
136	4794	65193
137	4807	64867
138	4826	64618
139	4849	64431
140	4872	64242
141	4887	63950
142	4902	63657
1143	4975	641241144	4995	639021145	5017	637111146	5037	635051147	5059	633081148	5076	630671149	5093	628211150	5111	625911151	5133	62412
152	5151	62183
153	5170	61984
154	5192	618115155	5212	616115156	5229	613915157	5249	612015158	5269	610115159	5287	608016160	5307	606116161	5326	6042162	5299	59722
163	5320	59564
164	5339	59385
165	5357	59193
166	5378	59039
16167	5440	593316168	5460	591616169	5482	590117170	5505	588817171	5524	587117172	5542	5853173	5520	57936
174	5544	57817
175	5561	57641
176	5580	57473
177	5604	57363
178	5628	57257
179	5649	57118
180	5669	56981
181	5689	56831
182	5716	56763
183	5732	56575
184	5750	56419
185	5769	56272
186	5789	56130
187	5809	55998
188	5831	55875
189	5849	55723
190	5863	55535
191	5884	55415
192	5904	55279
193	5930	55212
194	5948	55064
195	5971	54961
196	5994	54861
197	6012	54718
198	6032	54599
199	6049	54448
200	6066	54295
201	6083	54152
202	6103	54031
203	6123	53913
204	6144	53797
205	6171	53748
206	6189	53616
207	6209	53494
208	6232	53411
209	6255	53323
210	6278	53231
211	6300	53138
212	6321	53038
213	6340	52914
214	6356	52774
215	6373	52643
216	6391	52514
217	6409	52393
218	6433	52318
219	6448	52174
220	6467	52061
221	6485	51941
222	6505	51838
223	6523	51718
224	6538	51581
225	6555	51459
226	6572	51333
227	6586	51192
228	6600	51046
229	6619	50939
230	6638	50837
231	6655	50723
232	6670	50590
233	6689	50484
234	6709	50391
235	6726	50274
236	6744	50172
237	6759	50040
238	6771	49890
239	6788	49783
240	6802	49647
241	6817	49523
242	6830	49387
243	6849	49296
244	6868	49199
245	6884	49084
246	6899	48965
247	6913	48842
248	6927	48716
249	6950	48654
250	6973	48590
251	6998	48547
252	7014	48433
253	7028	48316
254	7043	48199
255	7061	48105
256	7077	48002
257	7101	47950
258	7122	47878
259	7140	47787
260	7162	47721
261	7186	47672
262	7210	47623
263	7239	47604
264	7263	47557
265	7279	47453
266	7301	47391
267	7320	47309
268	7344	47259
269	7372	47236
270	7397	47197
271	7415	47107
272	7437	47049
273	7453	46950
274	7485	46953
275	7509	46905
276	7527	46823
277	7542	46717
278	7564	46662
279	7588	46614
280	7611	46561
281	7638	46536
282	7659	46469
283	7681	46415
284	7700	46340
285	7720	46268
286	7743	46216
287	7764	46154
288	7775	46036
289	7787	45922
290	7798	45801
291	7810	45686
292	7827	45600
293	7839	45491
294	7854	45395
295	7871	45316
296	7886	45220
297	7903	45137
298	7915	45029
299	7931	44942
300	7946	44853
301	7961	44764
302	7982	44706
303	7997	44620
304	8012	44527
305	8028	44447
306	8047	44377
307	8068	44323
308	8087	44256
309	8111	44218
310	8132	44169
311	8151	44100
312	8174	44058
313	8194	44001
314	8215	43946
315	8232	43869
316	8247	43789
317	8261	43699
318	8275	43605
319	8292	43535
320	8307	43452
321	8320	43358
322	8337	43288
323	8356	43226
324	8370	43141
325	8388	43075
326	8406	43006
327	8421	42929
328	8435	42842
329	8447	42750
330	8461	42664
331	8472	42565
332	8483	42466
333	8494	42370
334	8507	42284
335	8519	42192
336	8533	42111
337	8549	42037
338	8563	41960
339	8576	41875
340	8589	41788
341	8602	41704
342	8615	41619
343	8626	41527
344	8638	41438
345	8649	41346
346	8663	41268
347	8675	41184
348	8688	41104
349	8700	41016
350	8710	40924
351	8722	40837
352	8740	40782
353	8768	40772
354	8795	40756
355	8827	40763
356	8840	40684
357	8862	40648
358	8895	40663
359	8919	40631
360	8943	40604
361	8967	40577
362	8989	40539
363	9007	40483
364	9026	40432
365	9047	40393
366	9067	40346
367	9084	40288
368	9103	40238
369	9123	40192
370	9140	40136
371	9157	40077
372	9172	40010
373	9190	39956
374	9207	39901
375	9229	39863
376	9247	39810
377	9266	39762
378	9278	39686
379	9296	39632
380	9313	39576
381	9335	39541
382	9354	39493
383	9371	39439
384	9387	39380
385	9402	39315
386	9421	39268
387	9437	39207
388	9453	39149
389	9467	39085
390	9485	39033
391	9503	38985
392	9522	38936
393	9536	38874
394	9551	38810
395	9566	38749
396	9584	38698
397	9605	38664
398	9618	38592
399	9632	38529
400	9645	38461
401	9659	38399
402	9672	38330
403	9686	38265
404	9702	38211
405	9712	38131
406	9723	38058
407	9738	38000
408	9754	37943
409	9768	37881
410	9780	37812
411	9791	37739
412	9805	37680
413	9821	37625
414	9837	37574
415	9850	37508
416	9867	37457
417	9885	37412
418	9899	37353
419	9914	37298
420	9925	37227
421	9938	37164
422	9951	37100
423	9964	37039
424	9979	36984
425	9997	36940
426	10015	36896
427	10027	36830
428	10040	36768
429	10053	36708
430	10068	36651
431	10086	36610
432	10104	36567
433	10120	36519
434	10136	36466
435	10150	36411
436	10164	36355
437	10180	36304
438	10193	36244
439	10207	36190
440	10223	36142
441	10250	36131
442	10269	36093
443	10285	36045
444	10301	35996
445	10318	35952
446	10332	35898
447	10347	35846
448	10364	35802
449	10380	35756
450	10395	35703
451	10407	35642
452	10420	35584
453	10433	35530
454	10444	35464
455	10454	35399
456	10466	35340
457	10478	35280
458	10493	35228
459	10503	35165
460	10514	35101
461	10529	35053
462	10541	34994
463	10554	34938
464	10566	34879
465	10578	34822
466	10594	34779
467	10612	34738
468	10625	34685
469	10637	34630
470	10652	34579
471	10665	34528
472	10682	34486
473	10696	34437
474	10710	34387
475	10724	34337
476	10739	34289
477	10751	34234
478	10765	34184
479	10785	34153
480	10800	34107
481	10811	34050
482	10824	33996
483	10837	33944
484	10848	33889
485	10859	33831
486	10871	33776
487	10885	33725
488	10897	33673
489	10910	33622
490	10926	33579
491	10943	33542
492	10964	33515
493	10980	33474
494	10994	33428
495	11011	33388
496	11024	33340
497	11036	33286
498	11048	33232
499	11060	33180
500	11072	33129
501	11085	33078
502	11096	33024
503	11107	32969
504	11121	32924
505	11132	32868
506	11144	32816
507	11156	32766
508	11167	32713
509	11179	32662
510	11191	32611
511	11204	32561
512	11220	32523
513	11230	32466
514	11241	32415
515	11253	32364
516	11264	32310
517	11273	32254
518	11284	32200
519	11294	32144
520	11303	32089
521	11313	32032
522	11322	31974
523	11331	31918
524	11341	31864
525	11351	31811
526	11361	31756
527	11371	31701
528	11381	31648
529	11390	31593
530	11401	31541
531	11410	31485
532	11420	31434
533	11430	31379
534	11441	31329
535	11450	31275
536	11460	31221
537	11470	31171
538	11480	31118
539	11490	31066
540	11500	31016
541	11510	30964
542	11520	30911
543	11529	30859
544	11539	30807
545	11549	30755
546	11558	30703
547	11569	30655
548	11581	30608
549	11590	30558
550	11601	30509
551	11612	30460
552	11622	30410
553	11632	30360
554	11641	30310
555	11650	30258
556	11660	30208
557	11671	30160
558	11681	30112
559	11690	30060
560	11701	30013
561	11710	29964
562	11720	29916
563	11731	29869
564	11741	29821
565	11753	29777
566	11763	29730
567	11772	29680
568	11784	29638
569	11795	29591
570	11805	29545
571	11814	29495
572	11825	29450
573	11835	29403
574	11845	29355
575	11854	29307
576	11864	29260
577	11873	29211
578	11884	29166
579	11894	29120
580	11904	29073
581	11913	29027
582	11923	28979
583	11933	28933
584	11942	28886
585	11953	28842
586	11964	28800
587	11977	28763
588	11989	28722
589	12001	28682
590	12014	28643
591	12024	28599
592	12039	28565
593	12051	28526
594	12063	28485
595	12076	28447
596	12087	28405
597	12099	28367
598	12111	28328
599	12124	28290
600	12137	28252
601	12150	28217
602	12166	28187
603	12180	28151
604	12191	28111
605	12204	28074
60612	12242	277060613	12255	276660614	12270	276360615	12285	276061616	12298	275661617	12312	27534
618	12327	27502
619	12341	27469
620	12355	27436
621	12368	27402
622	12384	27373
623	12401	27346
624	12415	27313
625	12427	27277
626	12442	27246
627	12456	27213
628	12470	27180
629	12485	27151
630	12500	27121
631	12514	27088
632	12528	27056
633	12541	27021
634	12554	26986
635	12567	26952
636	12579	26917
637	12593	26885
638	12606	26851
639	12620	26818
640	12631	26779
641	12640	26738
642	12652	26703
643	12663	26663
644	12673	26624
645	12684	26586
646	12695	26549
647	12705	26508
648	12716	26471
649	12727	26434
650	12739	26398
651	12748	26357
652	12757	26316
653	12769	26280
654	12781	26245
655	12793	26211
656	12804	26175
657	12817	26141
658	12828	26105
659	12838	26065
660	12850	26030
661	12860	25993
662	12871	25955
663	12882	25919
664	12893	25883
665	12906	25851
666	12921	25822
667	12934	25791
668	12946	25757
669	12958	25724
670	12970	25689
671	12982	25656
672	12996	25625
673	13008	25593
674	13021	25561
675	13034	25529
676	13048	25499
677	13061	25467
678	13074	25436
679	13087	25406
680	13101	25375
681	13113	25342
682	13127	25313
683	13139	25280
684	13152	25248
685	13165	25217
686	13179	25188
687	13191	25155
688	13204	25124
689	13215	25089
690	13227	25058
691	13241	25029
692	13253	24995
693	13267	24966
694	13278	24933
695	13291	24901
696	13303	24869
697	13314	24836
698	13325	24802
699	13337	24769
700	13348	24736
701	13359	24701
702	13370	24668
703	13381	24634
704	13393	24602
705	13405	24569
706	13415	24535
707	13426	24500
708	13437	24467
709	13450	24437
710	13461	24405
711	13472	24371
712	13484	24339
713	13496	24309
714	13508	24277
715	13519	24244
716	13529	24210
717	13542	24180
718	13555	24150
719	13567	24119
720	13581	24092
721	13594	24063
722	13606	24032
723	13619	24003
724	13628	23967
725	13640	23937
726	13650	23902
727	13662	23872
728	13674	23840
729	13687	23812
730	13704	23789
731	13716	23760
732	13728	23730
733	13743	23704
734	13759	23680
735	13775	23658
736	13786	23625
737	13798	23596
738	13810	23565
739	13822	23534
740	13835	23507
741	13852	23485
742	13866	23459
743	13881	23435
744	13893	23404
745	13902	23370
746	13912	23336
747	13925	23308
748	13936	23277
749	13951	23251
750	13964	23224
751	13978	23198
752	13990	23169
753	14003	23140
754	14018	23117
755	14031	23088
756	14042	23057
757	14055	23029
758	14066	23000
759	14082	22976
760	14092	22943
761	14104	22915
762	14117	22888
763	14133	22865
764	14148	22840
765	14162	22815
766	14173	22785
767	14186	22757
768	14198	22728
769	14214	22706
770	14231	22685
771	14244	22659
772	14257	22630
773	14270	22604
774	14285	22580
775	14293	22546
776	14304	22514
777	14316	22487
778	14330	22461
779	14341	22430
780	14353	22402
781	14365	22375
782	14375	22343
783	14388	22316
784	14401	22289
785	14413	22262
786	14425	22234
787	14437	22205
788	14449	22177
789	14460	22148
790	14472	22120
791	14486	22096
792	14499	22069
793	14511	22041
794	14525	22016
795	14540	21994
796	14553	21966
797	14563	21937
798	14575	21908
799	14587	21881
800	14601	21856
801	14612	21828
802	14625	21802
803	14638	21776
804	14652	21751
805	14665	21724
806	14682	21704
807	14698	21684
808	14710	21657
809	14723	21631
810	14737	21606
811	14749	21579
812	14765	21558
813	14777	21530
814	14789	21503
815	14799	21474
816	14812	21448
817	14824	21421
818	14836	21394
819	14850	21370
820	14863	21344
821	14874	21316
822	14886	21288
823	14899	21264
824	14912	21238
825	14924	21212
826	14935	21184
827	14948	21158
828	14962	21134
829	14974	21108
830	14986	21081
831	15000	21058
832	15017	21038
833	15031	21015
834	15044	20990
835	15058	20966
836	15069	20938
837	15081	20913
838	15098	20892
839	15108	20863
840	15121	20839
841	15135	20815
842	15145	20786
843	15156	20758
844	15168	20732
845	15181	20708
846	15196	20686
847	15211	20664
848	15223	20638
849	15234	20610
850	15244	20583
851	15255	20554
852	15266	20528
853	15277	20500
854	15290	20476
855	15300	20447
856	15310	20420
857	15324	20397
858	15344	20381
859	15361	20363
860	15373	20337
861	15385	20311
862	15402	20292
863	15415	20268
864	15431	20247
865	15449	20230
866	15463	20208
867	15477	20185
868	15495	20167
869	15512	20147
870	15525	20124
871	15543	20106
872	15557	20083
873	15571	20061
874	15582	20034
875	15594	20008
876	15609	19988
877	15623	19965
878	15639	19945
879	15653	19922
880	15664	19896
881	15677	19872
882	15688	19845
883	15706	19828
884	15727	19814
885	15745	19797
886	15760	19776
887	15776	19756
888	15789	19732
889	15805	19712
890	15818	19689
891	15833	19667
892	15846	19644
893	15860	19621
894	15874	19599
895	15886	19574
896	15900	19552
897	15917	19533
898	15928	19507
899	15940	19482
900	15950	19455
901	15966	19436
902	15988	19423
903	16012	19413
904	16025	19390
905	16038	19366
906	16053	19345
907	16074	19331
908	16088	19309
909	16102	19287
910	16113	19261
911	16133	19246
912	16144	19220
913	16156	19196
914	16165	19169
915	16177	19144
916	16189	19120
917	16199	19093
918	16209	19066
919	16221	19042
920	16231	19016
921	16243	18991
922	16258	18970
923	16270	18947
924	16282	18922
925	16294	18899
926	16314	18884
927	16332	18867
928	16346	18845
929	16366	18830
930	16385	18813
931	16409	18803
932	16421	18779
933	16433	18756
934	16448	18735
935	16460	18711
936	16471	18686
937	16484	18663
938	16494	18638
939	16504	18611
940	16519	18591
941	16533	18569
942	16549	18550
943	16568	18534
944	16582	18512
945	16598	18493
946	16610	18469
947	16628	18452
948	16641	18429
949	16650	18403
950	16660	18377
951	16676	18358
952	16689	18335
953	16700	18311
954	16712	18287
955	16724	18264
956	16738	18242
957	16749	18218
958	16761	18195
959	16774	18172
960	16786	18148
961	16798	18125
962	16809	18101
963	16825	18082
964	16835	18056
965	16847	18032
966	16856	18006
967	16871	17986
968	16888	17968
969	16902	17947
970	16914	17924
971	16929	17905
972	16940	17880
973	16951	17856
974	16962	17832
975	16973	17808
976	16986	17786
977	16995	17760
978	17006	17736
979	17021	17716
980	17033	17693
981	17045	17670
982	17054	17644
983	17066	17621
984	17079	17599
985	17092	17577
986	17103	17553
987	17114	17530
988	17126	17507
989	17137	17483
990	17148	17460
991	17163	17440
992	17174	17416
993	17187	17394
994	17198	17371
995	17210	17348
996	17223	17327
997	17235	17304
998	17246	17281
999	17258	17258
1000	17271	17236
1001	17281	17212
1002	17294	17190
1003	17309	17171
1004	17323	17150
1005	17335	17128
1006	17345	17104
1007	17360	17085
1008	17375	17065
1009	17391	17047
1010	17404	17025
1011	17418	17005
1012	17428	16981
1013	17441	16959
1014	17453	16937
1015	17463	16913
1016	17474	16890
1017	17487	16868
1018	17498	16846
1019	17512	16825
1020	17524	16804
1021	17537	16782
1022	17549	16760
1023	17564	16741
1024	17579	16722
1025	17592	16701
1026	17605	16679
1027	17619	16659
1028	17631	16637
1029	17646	16618
1030	17658	16596
1031	17668	16573
1032	17680	16550
1033	17692	16529
1034	17706	16508
1035	17717	16486
1036	17730	16464
1037	17740	16441
1038	17751	16419
1039	17763	16396
1040	17773	16373
1041	17783	16350
1042	17794	16327
1043	17804	16303
1044	17816	16281
1045	17827	16259
1046	17839	16237
1047	17852	16216
1048	17864	16195
1049	17876	16173
1050	17891	16154
1051	17904	16134
1052	17917	16114
1053	17932	16094
1054	17944	16073
1055	17957	16052
1056	17969	16031
1057	17982	16010
1058	17996	15991
1059	18010	15971
1060	18021	15949
1061	18034	15928
1062	18046	15907
1063	18062	15889
1064	18076	15870
1065	18086	15847
1066	18097	15825
1067	18108	15802
1068	18120	15781
1069	18130	15758
1070	18140	15735
1071	18150	15712
1072	18160	15689
1073	18172	15667
1074	18182	15645
1075	18193	15623
1076	18204	15601
1077	18215	15579
1078	18224	15555
1079	18234	15533
1080	18246	15511
1081	18258	15490
1082	18269	15468
1083	18281	15447
1084	18294	15428
1085	18307	15408
1086	18320	15388
1087	18341	15374
1088	18354	15354
1089	18365	15332
1090	18374	15309
1091	18384	15287
1092	18394	15264
1093	18405	15242
1094	18415	15220
1095	18425	15197
1096	18435	15175
1097	18446	15154
1098	18458	15133
1099	18470	15112
1100	18482	15091
1101	18493	15069
1102	18504	15048
1103	18516	15028
1104	18528	15007
1105	18541	14987
1106	18553	14966
1107	18565	14946
1108	18576	14924
1109	18587	14903
1110	18599	14883
1111	18611	14862
1112	18622	14841
1113	18632	14819
1114	18642	14796
1115	18652	14774
1116	18662	14752
1117	18671	14730
1118	18681	14707
1119	18690	14685
1120	18700	14663
1121	18710	14641
1122	18720	14619
1123	18732	14599
1124	18743	14578
1125	18754	14557
1126	18764	14535
1127	18773	14513
1128	18781	14489
1129	18791	14467
1130	18802	14446
1131	18811	14424
1132	18821	14402
1133	18831	14381
1134	18843	14360
1135	18855	14340
1136	18866	14320
1137	18877	14299
1138	18888	14278
1139	18899	14257
1140	18910	14236
1141	18922	14216
1142	18933	14195
1143	18946	14176
1144	18957	14156
1145	18969	14136
1146	18982	14116
1147	18994	14096
1148	19007	14077
1149	19018	14056
1150	19029	14036
1151	19039	14015
1152	19050	13994
1153	19061	13973
1154	19071	13952
1155	19081	13931
1156	19093	13911
1157	19105	13892
1158	19116	13871
1159	19127	13851
1160	19140	13831
1161	19151	13811
1162	19162	13791
1163	19176	13773
1164	19188	13753
1165	19199	13732
1166	19209	13711
1167	19220	13691
1168	19231	13670
1169	19242	13650
1170	19254	13630
1171	19265	13610
1172	19277	13590
1173	19287	13570
1174	19298	13549
1175	19311	13530
1176	19327	13514
1177	19341	13496
1178	19354	13477
1179	19368	13459
1180	19382	13441
1181	19394	13422
1182	19407	13403
1183	19421	13384
1184	19433	13365
1185	19445	13346
1186	19460	13329
1187	19472	13309
1188	19483	13289
1189	19494	13269
1190	19506	13250
1191	19518	13230
1192	19530	13211
1193	19543	13192
1194	19555	13173
1195	19568	13154
1196	19579	13134
1197	19591	13115
1198	19603	13096
1199	19614	13076
1200	19627	13058
1201	19640	13039
1202	19651	13019
1203	19666	13002
1204	19683	12986
1205	19693	12965
1206	19704	12945
1207	19715	12925
1208	19725	12905
1209	19738	12887
1210	19749	12867
1211	19760	12847
1212	19771	12828
1213	19785	12809
1214	19797	12791
1215	19810	12772
1216	19822	12753
1217	19836	12735
1218	19847	12716
1219	19859	12697
1220	19869	12676
1221	19883	12659
1222	19897	12641
1223	19908	12621
1224	19921	12603
1225	19934	12585
1226	19945	12565
1227	19956	12546
1228	19969	12527
1229	19980	12507
1230	19993	12489
1231	20005	12471
1232	20022	12455
1233	20035	12436
1234	20044	12416
1235	20056	12397
1236	20068	12378
1237	20081	12360
1238	20095	12342
1239	20108	12324
1240	20121	12306
1241	20136	12289
1242	20150	12271
1243	20160	12251
1244	20173	12233
1245	20184	12214
1246	20196	12195
1247	20208	12177
1248	20220	12158
1249	20232	12139
1250	20248	12122
1251	20259	12103
1252	20273	12086
1253	20283	12066
1254	20294	12047
1255	20308	12029
1256	20320	12011
1257	20330	11991
1258	20342	11972
1259	20352	11953
1260	20364	11934
1261	20378	11917
1262	20391	11898
1263	20402	11880
1264	20413	11860
1265	20430	11845
1266	20443	11827
1267	20453	11807
1268	20464	11788
1269	20473	11768
1270	20484	11749
1271	20497	11731
1272	20510	11713
1273	20522	11694
1274	20535	11677
1275	20549	11659
1276	20567	11644
1277	20585	11629
1278	20596	11610
1279	20606	11591
1280	20618	11572
1281	20631	11554
1282	20644	11537
1283	20655	11518
1284	20669	11500
1285	20681	11482
1286	20694	11464
1287	20707	11446
1288	20719	11428
1289	20732	11410
1290	20744	11392
1291	20760	11376
1292	20774	11359
1293	20787	11341
1294	20799	11323
1295	20811	11304
1296	20822	11286
1297	20834	11267
1298	20844	11248
1299	20855	11230
1300	20867	11211
1301	20879	11193
1302	20891	11175
1303	20907	11159
1304	20924	11143
1305	20934	11124
1306	20946	11106
1307	20957	11087
1308	20966	11068
1309	20977	11049
1310	20987	11030
1311	21001	11012
1312	21012	10994
1313	21023	10975
1314	21035	10957
1315	21047	10939
1316	21058	10920
1317	21067	10901
1318	21081	10884
1319	21092	10865
1320	21102	10846
1321	21113	10828
1322	21124	10809
1323	21136	10791
1324	21145	10772
1325	21154	10752
1326	21165	10734
1327	21176	10715
1328	21185	10696
1329	21198	10678
1330	21211	10661
1331	21221	10642
1332	21231	10623
1333	21245	10606
1334	21260	10590
1335	21270	10571
1336	21281	10553
1337	21294	10535
1338	21303	10516
1339	21315	10498
1340	21326	10480
1341	21338	10462
1342	21351	10445
1343	21366	10428
1344	21376	10409
1345	21387	10391
1346	21398	10373
1347	21410	10355
1348	21422	10337
1349	21434	10320
1350	21448	10303
1351	21461	10286
1352	21472	10268
1353	21487	10251
1354	21500	10234
1355	21514	10217
1356	21525	10199
1357	21536	10181
1358	21545	10162
1359	21557	10144
1360	21567	10126
1361	21580	10108
1362	21591	10090
1363	21605	10074
1364	21615	10055
1365	21625	10037
1366	21636	10019
1367	21648	10001
1368	21660	9983
1369	21670	9965
1370	21682	9947
1371	21694	9930
1372	21706	9912
1373	21723	9897
1374	21736	9880
1375	21749	9863
1376	21762	9846
1377	21775	9828
1378	21784	9810
1379	21798	9793
1380	21808	9775
1381	21821	9757
1382	21833	9740
1383	21844	9722
1384	21854	9704
1385	21864	9686
1386	21874	9667
1387	21885	9649
1388	21899	9633
1389	21909	9614
1390	21922	9597
1391	21935	9580
1392	21945	9562
1393	21956	9544
1394	21965	9526
1395	21976	9508
1396	21987	9490
1397	21999	9473
1398	22010	9455
1399	22021	9437
1400	22031	9419
1401	22043	9402
1402	22056	9385
1403	22068	9367
1404	22081	9351
1405	22092	9333
1406	22103	9315
1407	22113	9297
1408	22122	9279
1409	22135	9262
1410	22147	9245
1411	22162	9228
1412	22174	9212
1413	22187	9194
1414	22200	9178
1415	22212	9161
1416	22223	9143
1417	22237	9127
1418	22247	9109
1419	22261	9092
1420	22274	9075
1421	22286	9058
1422	22299	9042
1423	22313	9025
1424	22325	9008
1425	22337	8991
1426	22349	8974
1427	22361	8957
1428	22372	8939
1429	22387	8923
1430	22399	8906
1431	22410	8889
1432	22423	8872
1433	22434	8854
1434	22446	8837
1435	22459	8821
1436	22471	8803
1437	22484	8787
1438	22494	8769
1439	22504	8751
1440	22515	8734
1441	22526	8716
1442	22539	8700
1443	22549	8682
1444	22559	8664
1445	22572	8648
1446	22586	8631
1447	22599	8615
1448	22610	8598
1449	22623	8581
1450	22634	8563
1451	22645	8546
1452	22655	8528
1453	22666	8511
1454	22677	8494
1455	22691	8478
1456	22706	8462
1457	22721	8446
1458	22735	8430
1459	22747	8413
1460	22760	8396
1461	22773	8380
1462	22782	8362
1463	22794	8345
1464	22806	8328
1465	22818	8311
1466	22831	8295
1467	22844	8278
1468	22857	8262
1469	22869	8245
1470	22884	8229
1471	22896	8212
1472	22908	8196
1473	22920	8179
1474	22935	8163
1475	22947	8146
1476	22959	8129
1477	22969	8112
1478	22981	8095
1479	22995	8079
1480	23010	8063
1481	23022	8046
1482	23036	8030
1483	23049	8014
1484	23062	7998
1485	23074	7981
1486	23084	7964
1487	23095	7946
1488	23104	7929
1489	23116	7912
1490	23131	7896
1491	23141	7879
1492	23152	7862
1493	23163	7845
1494	23176	7828
1495	23188	7812
1496	23200	7795
1497	23219	7781
1498	23230	7764
1499	23246	7748
1500	23258	7732
1501	23271	7715
1502	23281	7698
1503	23294	7682
1504	23307	7665
1505	23318	7648
1506	23329	7632
1507	23339	7614
1508	23350	7597
1509	23360	7580
1510	23372	7563
1511	23381	7546
1512	23391	7529
1513	23406	7513
1514	23418	7496
1515	23430	7480
1516	23441	7463
1517	23453	7447
1518	23469	7431
1519	23481	7415
1520	23498	7400
1521	23510	7383
1522	23521	7366
1523	23537	7351
1524	23550	7335
1525	23561	7318
1526	23572	7301
1527	23582	7284
1528	23599	7269
1529	23614	7254
1530	23626	7237
1531	23638	7221
1532	23648	7204
1533	23661	7187
1534	23674	7171
1535	23687	7155
1536	23699	7139
1537	23710	7122
1538	23721	7105
1539	23730	7088
1540	23743	7072
1541	23754	7055
1542	23769	7039
1543	23780	7023
1544	23795	7007
1545	23808	6991
1546	23819	6975
1547	23829	6957
1548	23839	6940
1549	23849	6924
1550	23859	6907
1551	23871	6890
1552	23882	6873
1553	23893	6857
1554	23902	6840
1555	23914	6823
1556	23927	6807
1557	23938	6791
1558	23950	6774
1559	23963	6758
1560	23974	6742
1561	23984	6725
1562	23994	6708
1563	24004	6691
1564	24015	6675
1565	24030	6659
1566	24043	6643
1567	24056	6627
1568	24067	6611
1569	24077	6594
1570	24088	6577
1571	24099	6561
1572	24110	6545
1573	24124	6529
1574	24141	6514
1575	24155	6498
1576	24172	6483
1577	24185	6467
1578	24200	6452
1579	24215	6436
1580	24230	6421
1581	24246	6406
1582	24260	6390
1583	24272	6374
1584	24285	6358
1585	24298	6342
1586	24311	6326
1587	24326	6311
1588	24343	6296
1589	24361	6281
1590	24383	6268
1591	24394	6251
1592	24408	6236
1593	24421	6220
1594	24436	6204
1595	24450	6189
1596	24462	6173
1597	24473	6156
1598	24485	6140
1599	24498	6124
1600	24512	6108
1601	24522	6092
1602	24533	6076
1603	24548	6060
1604	24560	6044
1605	24571	6028
1606	24586	6012
1607	24601	5997
1608	24615	5981
1609	24626	5965
1610	24640	5949
1611	24653	5933
1612	24667	5918
1613	24679	5902
1614	24694	5886
1615	24704	5870
1616	24714	5853
1617	24727	5837
1618	24742	5822
1619	24755	5806
1620	24766	5790
1621	24777	5774
1622	24788	5757
1623	24798	5741
1624	24809	5725
1625	24823	5709
1626	24835	5693
1627	24847	5677
1628	24861	5662
1629	24871	5645
1630	24884	5629
1631	24901	5615
1632	24915	5599
1633	24926	5583
1634	24937	5567
1635	24948	5550
1636	24960	5535
1637	24976	5519
1638	24989	5504
1639	24998	5487
1640	25012	5471
1641	25029	5457
1642	25041	5441
1643	25058	5426
1644	25071	5410
1645	25085	5395
1646	25096	5378
1647	25105	5362
1648	25116	5346
1649	25130	5330
1650	25142	5314
1651	25156	5299
1652	25168	5283
1653	25184	5268
1654	25194	5252
1655	25208	5236
1656	25219	5220
1657	25231	5204
1658	25256	5191
1659	25270	5175
1660	25286	5160
1661	25302	5145
1662	25313	5129
1663	25327	5114
1664	25340	5098
1665	25352	5082
1666	25364	5066
1667	25375	5050
1668	25390	5035
1669	25404	5019
1670	25415	5004
1671	25428	4988
1672	25446	4973
1673	25457	4957
1674	25468	4941
1675	25481	4926
1676	25496	4910
1677	25510	4895
1678	25530	4880
1679	25558	4868
1680	25580	4854
1681	25607	4841
1682	25631	4827
1683	25654	4813
1684	25668	4798
1685	25682	4783
1686	25694	4767
1687	25707	4751
1688	25729	4737
1689	25741	4721
1690	25754	4706
1691	25768	4690
1692	25779	4674
1693	25790	4658
1694	25802	4642
1695	25816	4627
1696	25825	4611
1697	25840	4595
1698	25851	4579
1699	25862	4563
1700	25876	4548
1701	25887	4532
1702	25902	4517
1703	25913	4501
1704	25921	4485
1705	25930	4468
1706	25941	4452
1707	25952	4436
1708	25964	4421
1709	25975	4405
1710	25985	4389
1711	25996	4373
1712	26008	4357
1713	26022	4342
1714	26034	4326
1715	26044	4310
1716	26056	4294
1717	26067	4278
1718	26079	4263
1719	26090	4247
1720	26104	4231
1721	26115	4216
1722	26126	4200
1723	26136	4184
1724	26148	4168
1725	26158	4152
1726	26169	4136
1727	26182	4121
1728	26194	4105
1729	26205	4089
1730	26215	4073
1731	26228	4058
1732	26241	4042
1733	26252	4027
1734	26264	4011
1735	26276	3995
1736	26291	3980
1737	26303	3965
1738	26316	3949
1739	26329	3934
1740	26342	3918
1741	26356	3903
1742	26367	3887
1743	26378	3872
1744	26392	3856
1745	26405	3841
1746	26418	3825
1747	26431	3810
1748	26442	3794
1749	26455	3779
1750	26469	3764
1751	26480	3748
1752	26495	3733
1753	26511	3718
1754	26525	3703
1755	26541	3687
1756	26556	3672
1757	26569	3657
1758	26582	3642
1759	26594	3626
1760	26607	3611
1761	26620	3595
1762	26630	3580
1763	26640	3564
1764	26652	3548
1765	26668	3533
1766	26679	3518
1767	26692	3502
1768	26703	3486
1769	26715	3471
1770	26727	3456
1771	26741	3440
1772	26754	3425
1773	26769	3410
1774	26785	3395
1775	26801	3380
1776	26811	3364
1777	26821	3348
1778	26831	3333
1779	26841	3317
1780	26854	3302
1781	26865	3286
1782	26876	3270
1783	26887	3255
1784	26901	3240
1785	26915	3225
1786	26927	3209
1787	26939	3194
1788	26952	3178
1789	26966	3163
1790	26980	3148
1791	26992	3133
1792	27005	3117
1793	27016	3102
1794	27026	3086
1795	27035	3070
1796	27047	3055
1797	27058	3039
1798	27070	3024
1799	27083	3009
1800	27096	2994
1801	27106	2978
1802	27128	2964
1803	27141	2948
1804	27157	2933
1805	27168	2918
1806	27181	2903
1807	27195	2888
1808	27207	2872
1809	27218	2857
1810	27229	2841
1811	27243	2826
1812	27261	2811
1813	27276	2796
1814	27293	2781
1815	27308	2766
1816	27323	2751
1817	27337	2736
1818	27352	2721
1819	27369	2706
1820	27382	2691
1821	27394	2676
1822	27407	2661
1823	27419	2645
1824	27434	2630
1825	27450	2615
1826	27461	2600
1827	27473	2585
1828	27487	2569
1829	27503	2554
1830	27513	2539
1831	27526	2524
1832	27538	2508
1833	27551	2493
1834	27562	2478
1835	27574	2463
1836	27585	2447
1837	27596	2432
1838	27608	2417
1839	27620	2401
1840	27634	2386
1841	27650	2371
1842	27663	2356
1843	27674	2341
1844	27685	2325
1845	27697	2310
1846	27707	2295
1847	27718	2279
1848	27732	2264
1849	27744	2249
1850	27758	2234
1851	27771	2219
1852	27788	2204
1853	27799	2189
1854	27813	2174
1855	27826	2158
1856	27839	2143
1857	27854	2128
1858	27866	2113
1859	27879	2098
1860	27892	2083
1861	27902	2067
1862	27916	2052
1863	27927	2037
1864	27937	2022
1865	27950	2007
1866	27962	1992
1867	27977	1977
1868	27990	1961
1869	28000	1946
1870	28013	1931
1871	28030	1916
1872	28045	1901
1873	28061	1886
1874	28073	1871
1875	28085	1856
1876	28096	1841
1877	28110	1826
1878	28120	1810
1879	28134	1795
1880	28145	1780
1881	28159	1765
1882	28174	1750
1883	28189	1735
1884	28203	1720
1885	28218	1705
1886	28229	1690
1887	28239	1675
1888	28249	1659
1889	28263	1644
1890	28279	1630
1891	28292	1614
1892	28302	1599
1893	28315	1584
1894	28329	1569
1895	28340	1554
1896	28354	1539
1897	28366	1524
1898	28377	1509
1899	28388	1494
1900	28401	1479
1901	28413	1463
1902	28424	1448
1903	28438	1433
1904	28450	1418
1905	28465	1403
1906	28474	1388
1907	28485	1373
1908	28493	1358
1909	28502	1343
1910	28512	1327
1911	28522	1312
1912	28534	1297
1913	28544	1282
1914	28554	1267
1915	28563	1252
1916	28571	1237
1917	28581	1221
1918	28589	1206
1919	28601	1191
1920	28609	1176
1921	28617	1161
1922	28624	1146
1923	28633	1131
1924	28643	1115
1925	28650	1100
1926	28657	1085
1927	28665	1070
1928	28675	1055
1929	28682	1040
1930	28690	1025
1931	28697	1010
1932	28705	994
1933	28711	979
1934	28717	964
1935	28724	949
1936	28732	934
1937	28738	919
1938	28745	904
1939	28754	889
1940	28762	874
1941	28770	859
1942	28776	844
1943	28783	829
1944	28790	814
1945	28799	799
1946	28807	784
1947	28813	769
1948	28820	754
1949	28830	739
1950	28836	724
1951	28843	709
1952	28849	694
1953	28855	679
1954	28864	664
1955	28869	649
1956	28874	634
1957	28880	619
1958	28887	604
1959	28893	589
1960	28899	574
1961	28904	559
1962	28912	544
1963	28918	530
1964	28923	515
1965	28929	500
1966	28935	485
1967	28940	470
1968	28949	455
1969	28953	440
1970	28958	426
1971	28964	411
1972	28970	396
1973	28975	381
1974	28981	366
1975	28987	352
1976	28993	337
1977	28998	322
1978	29003	307
1979	29008	293
1980	29014	278
1981	29019	263
1982	29028	248
1983	29041	234
1984	29047	219
1985	29052	204
1986	29055	190
1987	29061	175
1988	29066	160
1989	29071	146
1990	29078	131
1991	29083	116
1992	29086	102
1993	29089	87
1994	29093	72
1995	29098	58
1996	29102	43
1997	29106	29
1998	29109	14
1999	29115	0
	43
1997	28815	28
1998	28824	14
1999	28831	0
	28
1998	28535	14
1999	28545	0
